"3","XA3_1","XA3_1",,"1 3/16","1 1/16","2","Era","N/A","A3_1.jpg","15","10"
"4","XA3_2","XA3_2",,"1 3/4","1 1/2","2","Era","N/A",,"0","17"
"6","A05_1","A05_1",,"1","1 1/4","3","Nuance","A-5","A05_1.jpg","12","13"
"7","A05_2","A05_2",,"2","1","3","Nuance","A-5","A05_2.jpg","28","9"
"8","A05_3","A05_3",,"1 1/2","7/8","3","Nuance","A-5","A05_3.jpg","20","29"
"9","N/A_05","N/A_05",,"1 1/4","3/4","146","Natural Wood","N/A","NA_05.jpg","16","30"
"11","N/A_18","N/A_18",,"2","1","5","Two Tones","N/A","A9_1.jpg","28","9"
"12","N/A_19","N/A_19",,"1 1/2","3/4","5","Two Tones","N/A","A9_2_1.jpg","20","30"
"13","N/A_09","N/A_09",,"1 3/4","3/4","6","Beaches","N/A","A11_1_1.jpg","24","30"
"14","NA_10","NA_10",,"2 1/4","7/8","6","Beaches","N/A","A11_2_1.jpg","31","29"
"16","N/A_02","N/A_02",,"1 1/2","3/4","146","Natural Wood","N/A","NA_02_1.jpg","20","30"
"17","N/A_01","N/A_01",,"3/4","2","146","Natural Wood","N/A","N/A_01.gif","0","22"
"22","A17_1","A17_1",,"3/4","1 1/4","8","Natural Wood","A-17","A17_1_1.jpg","8","13"
"23","A17_2","A17_2",,"1 3/8","1 1/8","8","Natural Wood","A-17","A17_2.jpg","18","11"
"31","N/A_03","N/A_03",,"2","1","146","Natural Wood","N/A","A25_1.jpg","28","9"
"33","A27_1","A27_1",,"1 3/16","3/4","13","Natural Wood","A-27","A27_1_2.jpg","15","30"
"34","A27_2","A27_2",,"1 3/4","7/8","13","Natural Wood","A-27","A27_2.jpg","24","29"
"36","A31A_2","A31A_2",,"2","15/16","151","Elan","A-31A","A31A_2_3.jpg","28","8"
"37","A31A_3","A31A_3",,"15/16","2","151","Elan","A-31A","A31A_3_3.jpg","11","22"
"374","XV01_3","XV01_3",,"1 13/16","13/16","107","Mezzo","N/A","E29_3.gif","25","7"
"373","XV01_2","XV01_2",,"1 3/16","1 1/8","107","Mezzo","N/A","E29_2_1.jpg","15","11"
"53","A55_1","A55_1",,"3","1 7/16","22","B&amp;B","A-55","A55_1.gif","0","16"
"54","A55_2","A55_2",,"3","1 7/16","22","B&B","A-55","A55_2_2.jpg","37","16"
"55","A55_3","A55_3",,"2 1/4","1 7/16","22","B&amp;B","A-55","A55_3_1.jpg","31","16"
"56","A55_4","A55_4",,"2 1/2","1 7/16","22","B&B","A-55","A55_4_2.jpg","33","16"
"57","A55_5","A55_5",,"1 1/2","1 7/16","22","B&amp;B","A-55","A55_5.jpg","20","16"
"58","A55_6","A55_6",,"5/8","1/4","22","B&amp;B","A-55","A55_6.gif","6","4"
"59","A55_7","A55_7",,"1 7/16","1 7/16","22","B&B","A-55","A55_7_1.jpg","19","16"
"60","A55_8","A55_8",,"7/8","1 3/8","22","B&B","A-55","A55_8_1.jpg","10","15"
"61","A55_9","A55_9",,"1 3/16","7/8","22","B&B","A-55","A55_9_2.jpg","15","29"
"62","D1_1","D1_1",,"3/4","7/8","23","ST Lacquer","D-1","D1_1_2.jpg","8","29"
"63","D1_2","D1_2",,"3/4","13/16","23","ST Lacquer","D-1","D1_2_1.jpg","8","7"
"64","D1_3","D1_3",,"1","5/8","23","ST Lacquer","D-1","D1_3_1.jpg","12","31"
"65","D1_4","D1_4",,"1","1 3/8","23","ST Lacquer","D-1","D1_4_1.jpg","12","15"
"66","D1_5","D1_5",,"1 3/8","7/8","23","ST Lacquer","D-1","D1_5_1.jpg","18","29"
"67","D1_6","D1_6",,"1 3/8","3/4","23","ST Lacquer","D-1","D1_6_1.jpg","18","30"
"68","D1_7","D1_7",,"2","1 1/8","23","ST Lacquer","D-1","D1_7_1.jpg","28","11"
"70","D1_9","D1_9",,"3 1/8","1 3/8","23","ST Lacquer","D-1","D1_9.jpg","38","15"
"89","N/A_102","N/A_102",,"1 3/16","3/4","147","Gold & Silver","N/A","NA_102.jpg","15","30"
"90","N/A_103","N/A_103",,"1 3/4","1","147","Gold & Silver","N/A","NA_103.jpg","24","9"
"92","G05_1","G05_1",,"1 9/16","1","34","Virtu","G-5","G05_1.jpg","21","9"
"93","G05_2","G05_2",,"1 9/16","1 1/8","34","Virtu","G-5","G5_2.jpg","21","11"
"94","G05_3","G05_3",,"2 1/16","1 1/8","34","Virtu","G-5","G05_3.jpg","29","11"
"95","G05_4","G05_4",,"2 1/16","1 3/8","34","Virtu","G-5","G5_4.jpg","29","15"
"96","G05_5","G05_5",,"2 1/2","1 1/4","34","Virtu","G-5","G05_5.jpg","33","13"
"113","G15_1","G15_1",,"2 1/2","1 3/8","39","Aria","G-15","G15_1_1.jpg","33","15"
"114","G15_2","G15_2",,"1 3/4","1 1/4","39","Aria","G-15","G15_2_1.jpg","24","13"
"115","G15_3","G15_3",,"1/2","1/4","39","Aria","G-15","G15_3.jpg","4","4"
"116","G17_3","G17_3",,"1 1/2","1","41","Sumi/Eos","G-17","G17_3.jpg","20","9"
"117","G17_4","G17_4",,"2 1/2","1 1/8","41","Sumi/Eos","G-17","G17_4.jpg","33","11"
"118","G17_1","G17_1",,"2","1","41","Sumi/Eos","G-17","G17_1.jpg","28","9"
"119","G17_2","G17_2",,"2 1/2","1 1/8","41","Sumi/Eos","G-17","G17_2.jpg","33","11"
"384","A65_1","A65_1",,"1 1/4","13/16","117","KOTA","A-65","A65_1_3.jpg","16","7"
"139","N/A_104","N/A_104",,"1 1/4","7/8","147","Gold & Silver","N/A","NA_104.jpg","16","29"
"146","G33_1","G33_1",,"1","1 1/4","49","Placer","G-33","G33_1_1.jpg","12","13"
"147","G33_2","G33_2",,"1 1/2","7/8","49","Placer","G-33","G33_2_1.jpg","20","29"
"148","G33_3","G33_3",,"2","1","49","Placer","G-33","G33_3_1.jpg","28","9"
"156","XG01_1","XG01_1",,"2 1/8","15/16","52","Java","N/A","G39_1.jpg","30","8"
"157","XG01_2","XG01_2",,"1","3/4","52","Java","N/A","G39_2.jpg","12","30"
"158","XG01_3","XG01_3",,"1 1/2","1 3/8","52","Java","N/A","G39_3.jpg","20","15"
"159","XG01_4","XG01_4",,"5/8","1/4","52","Java","N/A","G39_4.jpg","6","4"
"160","XG42_1","XG42_1",,"1 3/16","5/8","98","Pagoda","N/A","G41_1.gif","15","31"
"162","G45_1","G45_1",,"1 1/2","1","53","Plata","G-45","G45_1_2.jpg","20","9"
"163","G45_2","G45_2",,"1","7/8","53","Plata","G-45","G45_2_2.jpg","12","29"
"164","XG47_1","XG47_1",,"1 3/4","1","75","LATTA","N/A","G47_1.gif","24","9"
"165","XG49_1","XG49_1",,"2 3/4","1 3/8","54","Abacus","N/A","G49_1_1.jpg","36","15"
"168","G51A_1","G51A_1",,"1 1/2","1","123","Regia","G-51A","G51A_1_1.jpg","20","9"
"169","G51A_2","G51A_2",,"1","7/8","123","Regia","G-51A","G51A_2_1.jpg","12","29"
"184","N/A_105","N/A_105",,"1 5/8","15/16","147","Gold & Silver","N/A","G61_2.jpg","22","8"
"187","XG63_2","XG63_2",,"1 13/16","1 5/16","60","Bijou","N/A","G63_2.jpg","25","14"
"614","G75_1","G75_1",,"5/8","1 3/4","161","Liso IV","G-75","G75_1.jpg","6","20"
"189","H01_1","H01_1",,"1/2","3/4","61","Matt Black","H-1","H01_1.jpg","4","30"
"190","H01_2","H01_2",,"3/4","7/8","61","Matt Black","H-1","H1_2.jpg","8","29"
"191","H01_3","H01_3",,"3/4","13/16","61","Matt Black","H-1","H1_3.jpg","8","7"
"193","H01_5","H01_5",,"1","1 3/8","61","Matt Black","H-1","H1_5.jpg","12","15"
"194","H01_6","H01_6",,"1 3/8","7/8","61","Matt Black","H-1","H1_6_1.jpg","18","29"
"195","H01_7","H01_7",,"1 3/8","3/4","61","Matt Black","H-1","H01_7.jpg","18","30"
"196","H01_8","H01_8",,"7/8","3/4","61","Matt Black","H-1","H1_8.jpg","10","30"
"197","H03_1","H03_1",,"2 1/2","1 7/8","62","Black 06","H-3","H3_1.jpg","33","21"
"198","H03_2","H03_2",,"2 1/2","1 7/8","62","Black 06","H-3","H3_2.jpg","33","21"
"199","H03_3","H03_3",,"3","1 3/8","62","Black 06","H-3","H3_3.jpg","37","15"
"200","H03_4","H03_4",,"2","7/8","62","Black 06","H-3","H3_4.jpg","28","29"
"201","H03_5","H03_5",,"2 3/4","7/8","62","Black 06","H-3","H3_5.jpg","36","29"
"202","H03_6","H03_6",,"1","1 7/8","62","Black 06","H-3","H3_6.jpg","12","21"
"203","H05_1","H05_1",,"3/4","7/8","63","Matt Black","H-5","H5_1.jpg","8","29"
"204","H05_2","H05_2",,"1 1/4","1","63","Matt Black","H-5","H5_2.jpg","16","9"
"205","H05_3","H05_3",,"3/4","1 1/8","63","Matt Black","H-5","H5_3.jpg","8","11"
"206","H05_4","H05_4",,"1 5/8","1 3/8","63","Matt Black","H-5","H5_4.jpg","22","15"
"207","H05_5","H05_5",,"1 3/16","7/8","63","Matt Black","H-5","H5_5.jpg","15","29"
"208","H05_6","H05_6",,"1 7/16","1 3/16","63","Matt Black","H-5","H5_6.jpg","19","12"
"209","H05_7","H05_7",,"1 13/16","7/8","63","Matt Black","H-5","H5_7.jpg","25","29"
"210","H05_8","H05_8",,"2 5/8","1 1/8","63","Matt Black","H-5","H5_8.jpg","35","11"
"211","H05_9","H05_9",,"2 3/8","1 1/4","63","Matt Black","H-5","H5_9.jpg","32","13"
"212","H09_1","H09_1",,"7/8","7/8","64","Magnificent 7","H-9","H9_1.jpg","10","29"
"213","H09_2","H09_2",,"2","1 3/8","64","Magnificent 7","H-9","H9_2.jpg","28","15"
"214","H09_3","H09_3",,"1 9/16","2 3/8","64","Magnificent 7","H-9","H9_3.jpg","21","26"
"215","H09_4","H09_4",,"1 1/8","2","64","Magnificent 7","H-9","H9_4.jpg","14","22"
"216","H09_5","H09_5",,"7/8","1 1/16","64","Magnificent 7","H-9","H9_5.jpg","10","10"
"218","H09_7","H09_7",,"7/8","3","64","Magnificent 7","H-9","H9_7.jpg","10","28"
"220","H13_1","H13_1",,"5/8","1 3/4","66","MVP Collection","H-13","H13_1.jpg","6","20"
"221","H13_2","H13_2",,"2","15/16","66","MVP Collection","H-13","H13_2.jpg","28","8"
"222","H13_3","H13_3",,"1 3/8","15/16","66","MVP Collection","H-13","H13_3.jpg","18","8"
"223","H13_4","H13_4",,"1 1/8","7/8","66","MVP Collection","H-13","H13_4.jpg","14","29"
"224","H13_5","H13_5",,"1 1/2","1","66","MVP Collection","H-13","H13_5.gif","20","9"
"225","H13_6","H13_6",,"2","1 3/16","66","MVP Collection","H-13","H13_6.jpg","28","12"
"226","H13_7","H13_7",,"1 5/8","1 3/16","66","MVP Collection","H-13","H13_7.jpg","22","12"
"227","H13_8","H13_8",,"2","1 1/8","66","MVP Collection","H-13","H13_8.jpg","28","11"
"228","H13_9","H13_9",,"2 3/8","7/8","66","MVP Collection","H-13","H13_9.jpg","32","29"
"234","H17_1","H17_1",,"1 1/2","7/8","68","Omni","H-17","H17_1_1.jpg","20","29"
"235","H17_2","H17_2",,"2 1/4","1 1/8","68","Omni","H-17","H17_2_1.jpg","31","11"
"236","H17_3","H17_3",,"3","1 3/8","68","Omni","H-17","H17_3_1.jpg","37","15"
"559","A23_1","A23_1",,"1 3/16","7/8","11","Honors","A-23","A23_1_2.jpg","15","29"
"372","XV01_1","XV01_1",,"3/4","1 1/8","107","Mezzo","N/A","E29_1.gif","8","11"
"387","H27_2","H27_2",,"13/16","2 5/8","111","Matt Black","H-27","H27_2.jpg","9","27"
"271","XG42_3","XG42_3",,"2 1/2","1 1/8","98","Pagoda","N/A","G41_3.gif","33","11"
"273","XG47_2","XG47_2",,"1 3/16","7/8","75","LATTA","N/A","G47_2.gif","15","29"
"279","A23_2","A23_2",,"1 3/4","7/8","11","Honors","A-23","A23_2_2.jpg","24","29"
"284","H07_1","H07_1",,"1 5/8","13/16","80","Black 07","H-7","H7_1.jpg","22","7"
"285","H07_2","H07_2",,"1","1 3/8","80","Black 07","H-7","H7_2_1.jpg","12","15"
"286","H07_3","H07_3",,"1 1/2","7/8","80","Black 07","H-7","H7_3.jpg","20","29"
"287","H07_4","H07_4",,"7/8","7/8","80","Black 07","H-7","H7_4.jpg","10","29"
"288","H07_5","H07_5",,"3 1/2","7/8","80","Black 07","H-7","H7_5.jpg","42","29"
"289","H21_1","H21_1",,"1 1/4","7/8","81","Gray","H-21","H21_1_1.jpg","16","29"
"290","H21_2","H21_2",,"2","1 1/8","81","Gray","H-21","H21_2_1.jpg","28","11"
"293","G65_1","G65_1",,"13/16","1 1/8","82","Gilt","G-65","G65_1_1.jpg","9","11"
"294","G65_2","G65_2",,"1","1 5/16","82","Gilt","G-65","G65_2_1.jpg","12","14"
"295","G65_3","G65_3",,"1 1/16","1 3/4","82","Gilt","G-65","G65_3_1.jpg","13","20"
"297","G03_1","G03_1",,"1 3/4","1 1/4","85","Aria II","G-3","G03_1.jpg","24","13"
"298","G03_2","G03_2",,"2 1/2","1 3/8","85","Aria II","G-3","G03_2.jpg","33","15"
"299","G03_3","G03_3",,"3 1/2","1 5/8","85","Aria II","G-3","G_3_3.jpg","42","18"
"303","E19_1","E19_1",,"1 3/4","1 1/16","87","Plume","E-19","E19_1.jpg","24","10"
"304","E19_2","E19_2",,"3","1 3/8","87","Plume","E-19","E_19_2.jpg","37","15"
"305","E19_3","E19_3",,"1/2","1/4","87","Plume","E-19","E_19_3.jpg","4","4"
"312","XA33_1","XA33_1",,"3 5/8","1 1/8","89","Grano","N/A","A_33_1.jpg","43","11"
"316","NA_20","NA_20",,"1 5/16","3 5/16","146","Natural Wood","N/A","A-33_5.gif","17","32"
"317","XA35_1","XA35_1",,"3 5/8","1 3/4","90","Lasso","N/A","A-35_1.gif","43","20"
"319","D3_1","D3_1",,"1 5/8","7/8","91","Miore","D-3","D3_1_1.jpg","22","29"
"320","D3_2","D3_2",,"1","1 3/8","91","Miore","D-3","D3_2_1.jpg","12","15"
"322","D3_4","D3_4",,"3/4","5/8","91","Miore","D-3","D3_4.gif","8","31"
"323","D3_5","D3_5",,"2 9/16","7/8","91","Miore","D-3","D3_5.jpg","34","29"
"324","D3_6","D3_6",,"1","2 1/8","91","Miore","D-3","D3_6.gif","12","23"
"325","D3_7","D3_7",,"1 3/16","7/8","91","Miore","D-3","D3_7_1.jpg","15","29"
"326","D3_8","D3_8",,"1 5/8","1 3/8","91","Miore","D-3","D3_8.jpg","22","15"
"327","D3_9","D3_9",,"3/4","1 1/8","91","Miore","D-3","D3_9_1.jpg","8","11"
"329","E17_1","E17_1",,"3/4","1 1/16","95","Olea","E-17","E17_1.jpg","8","10"
"330","E17_2","E17_2",,"1 3/8","1 1/8","95","Olea","E-17","E17_2_1.jpg","18","11"
"331","E15_1","E15_1",,"2 3/4","1 3/8","92","Olea","E-15","E15_1.jpg","36","15"
"332","E17_3","E17_3",,"3/4","1/4","95","Olea","E-17","E17_3.jpg","8","4"
"337","N/A01_1","N/A01_1",,"2 1/4","1 3/16","94","Bubinga","N/A","NA.jpg","31","12"
"338","N/A01_2","N/A01_2",,"2 3/4","1 5/16","94","Bubinga","N/A","NA_9_2.jpg","36","14"
"344","XA39_1","XA39_1",,"1 5/16","1","97","Tropic","N/A","A_39_1.jpg","17","9"
"345","XA39_2","XA39_2",,"2","1 1/16","97","Tropic","N/A","A_39_2.jpg","28","10"
"351","E23_1","E23_1",,"1 3/16","1 1/16","101","D Orme","E-23","E23_1_1.jpg","15","10"
"347","E21_1","E21_1",,"1 9/16","1 1/16","99","Olea","E-21","E21_1.jpg","21","10"
"348","A41_1","A41_1",,"1","2 1/8","100","Madera","A-41","A41_1.jpg","12","23"
"349","A41_2","A41_2",,"1 5/8","7/8","100","Madera","A-41","A41_2.jpg","22","29"
"366","A43_1","A43_1",,"3/4","1 1/4","105","Madera","A-43","A_43_1_1.jpg","8","13"
"352","E23_2","E23_2",,"1 9/16","1 1/16","101","D Orme","E-23","E23_2.jpg","21","10"
"353","E25_1","E25_1",,"2 3/4","1 3/8","102","D Orme","E-25","E25_1.jpg","36","15"
"354","E23_3","E23_3",,"3/4","1/4","101","D Orme","E-23","E_23_3_1.jpg","8","4"
"367","A43_2","A43_2",,"3/4","3/4","105","Madera","A-43","A43_2.jpg","8","30"
"368","XE27_3","XE27_3",,"13/16","1 7/8","106","EON","N/A","NA11_3.jpg","9","21"
"369","XE27_1","XE27_1",,"1 9/16","3/4","106","EON","N/A","E_27_1_1.jpg","21","30"
"370","XE27_2","XE27_2",,"5/8","1 1/2","106","EON","N/A","NA_2.jpg","6","17"
"371","XE27_4","XE27_4",,"3/8","3/16","106","EON","N/A","E_27_4.jpg","2","3"
"386","H27_1","H27_1",,"3/4","1 1/2","111","Matt Black","H-27","H27_1.jpg","8","17"
"385","A65_2","A65_2",,"13/16","1 5/16","117","KOTA","A-65","A65_2_2.jpg","9","14"
"388","H27_3","H27_3",,"1 1/8","3 1/8","111","Matt Black","H-27","H27_3.jpg","14","33"
"389","H27_4","H27_4",,"1 1/2","1 7/8","111","Matt Black","H-27","H27_4.jpg","20","21"
"390","A59_1","A59_1",,"3","1 1/8","112","FORTE","A-59","A59_1_2.jpg","37","11"
"391","A61_1","A61_1",,"2 3/8","7/8","113","FORTE","A-61","A61_1_2.jpg","32","29"
"393","E31A_1","E31A_1",,"3/4","2","114","Ethos","E-31A","E31A_1.jpg","8","22"
"394","E31A_2","E31A_2",,"3/4","1 1/2","114","Ethos","E-31A","E31A_2.jpg","8","17"
"395","E31A_3","E31A_3",,"5/8","1 5/16","114","Ethos","E-31A",,"0","14"
"396","A53_1","A53_1",,"7/8","1 1/2","115","B&B II","A-53","A53_1_1.jpg","10","17"
"398","A53_3","A53_3",,"1 1/8","2 5/16","115","B&B II","A-53","A53_3_2.jpg","14","25"
"399","A53_4","A53_4",,"1 5/8","1 3/8","115","B&B II","A-53","A53_4_2.jpg","22","15"
"400","A53_5","A53_5",,"1 3/4","7/8","115","B&B II","A-53","A53_5_2.jpg","24","29"
"401","A53_6","A53_6",,"2 1/4","7/8","115","B&B II","A-53","A53_6_2.jpg","31","29"
"402","A63_1","A63_1",,"13/16","13/16","116","KOTA II","A-63","A63_1_1.jpg","9","7"
"403","A63_2","A63_2",,"1 3/4","13/16","116","KOTA II","A-63","A63_2_1.jpg","24","7"
"560","H09_6","H09_6",,"2 1/2","1 1/8","64","Magnificent 7","H-9","H9_6_1.jpg","33","11"
"406","A67_1","A67_1",,"1","3/4","118","Adagio II","A-67","A67_1_1.jpg","12","30"
"407","A67_2","A67_2",,"1 1/2","1","118","Adagio II","A-67","A67_2_1.jpg","20","9"
"408","B1_1","B1_1",,"1 3/4","1 1/4","119","Avant","B-1","B1_1_1.jpg","24","13"
"409","B1_2","B1_2",,"2 1/4","1 1/4","119","Avant","B-1","B1_2_2.jpg","31","13"
"410","B1_3","B1_3",,"3","1 5/8","119","Avant","B-1","B1_3_1.jpg","37","18"
"411","B1_4","B1_4",,"5/8","1/4","119","Avant","B-1","B1_4.png","6","4"
"416","H29_1","H29_1",,"3/4","1 1/8","121","Opus","H-29","H29_1.jpg","8","11"
"417","H29_2","H29_2",,"1","1 1/8","121","Opus","H-29","H29_2.jpg","12","11"
"422","G51A_3","G51A_3",,"3/4","1","123","Regia","G-51A","G51A_3_1.jpg","8","9"
"423","G51A_4","G51A_4",,"3/4","1/2","123","Regia","G-51A","G51A_4_2.jpg","8","37"
"424","B3_1","B3_1",,"1 5/16","13/16","124","SABI","B-3","B3_1_2.jpg","17","7"
"425","B3_2","B3_2",,"13/16","1 5/16","124","SABI","B-3","B3_2_2.jpg","9","14"
"426","B3_3","B3_3",,"3/8","3/16","124","SABI","B-3","B3_3.png","2","3"
"427","G69_1","G69_1",,"7/8","1 3/8","125","Amber","G-69","G69_1.jpg","10","15"
"428","G69_2","G69_2",,"1 3/8","7/8","125","Amber","G-69","G69_2.jpg","18","29"
"429","G69_3","G69_3",,"1 15/16","7/8","125","Amber","G-69","G69_3.jpg","27","29"
"430","A71_1","A71_1",,"1","1 3/4","126","KOTA III","A-71","A71_1_1.jpg","12","20"
"431","A71_2","A71_2",,"2 3/8","7/8","126","KOTA III","A-71","A71_2_1.jpg","32","29"
"433","K1_1","K1_1",,"5/8","1 1/2","127","ONYX","K-1","K1_1_2.jpg","6","17"
"434","K1_2","K1_2",,"1","1 7/8","127","ONYX","K-1","K1_2_1.jpg","12","21"
"435","K1_3","K1_3",,"1 3/16","7/8","127","ONYX","K-1","K1_3_1.jpg","15","29"
"436","K1_4","K1_4",,"1 3/4","7/8","127","ONYX","K-1","K1_4_1.jpg","24","29"
"437","K1_5","K1_5",,"1 5/8","1 3/8","127","ONYX","K-1","K1_5_2.jpg","22","15"
"438","K1_6","K1_6",,"3/4","1 1/8","127","ONYX","K-1","K1_6_2.jpg","8","11"
"439","K1_7","K1_7",,"1 1/2","2 1/4","127","ONYX","K-1","K1_7_2.jpg","20","24"
"440","G23_1","G23_1",,"1","1 7/8","128","Asti","G-23","G23_1_1.jpg","12","21"
"441","G23_2","G23_2",,"1 3/16","7/8","128","Asti","G-23","G23_2_1.jpg","15","29"
"442","G23_3","G23_3",,"1 5/8","1 3/8","128","Asti","G-23","G23_3_2.jpg","22","15"
"443","G23_4","G23_4",,"3/4","1 1/8","128","Asti","G-23","G23_4_2.jpg","8","11"
"444","A31A_1","A31A_1",,"1 1/2","15/16","151","Elan","A-31A","A31A_1.jpg","20","8"
"448","L1_1","L1_1",,"1 3/4","2 5/8","129","ST Floater","L-1","L1_1_4.jpg","24","27"
"451","G7_1","G7_1",,"1 5/16","13/16","131","Eleve","G-7","G7_1_1.jpg","17","7"
"452","G7_2","G7_2",,"13/16","1 5/16","131","Eleve","G-7","G7_2_1.jpg","9","14"
"453","G7_3","G7_3",,"3/8","3/16","131","Eleve","G-7","G7_3.jpg","2","3"
"454","A15A_1","A15A_1",,"3/4","3/4","132","Natural Wood","A-15A","A15A_1_2.jpg","8","30"
"455","A15A_2","A15A_2",,"1 1/8","3/4","132","Natural Wood","A-15A","A15A_2_1.jpg","14","30"
"460","N/A_12","N/A_12",,"1 1/4","13/16","134","Eloquence","N/A","A47A_2_1.jpg","16","7"
"459","N/A_11","N/A_11",,"1","3/4","134","Eloquence","N/A","A47A_1_1.jpg","12","30"
"458","N/A_13","N/A_13",,"1 1/2","15/16","134","Eloquence","N/A","A47A_3_1.jpg","20","8"
"461","N/A_14","N/A_14",,"1 1/2","15/16","134","Eloquence","N/A","A47A_4_1.jpg","20","8"
"462","N/A_15","N/A_15",,"1 1/2","7/8","134","Eloquence","N/A","A47A_5_1.jpg","20","29"
"463","N/A_16","N/A_16",,"1","1 1/16","134","Eloquence","N/A","A47A_6_1.jpg","12","10"
"464","N/A_17","N/A_17",,"1 3/16","1","134","Eloquence","N/A","A47A_7.jpg","15","9"
"465","A69A_1","A69A_1",,"1 3/16","7/8","135","Etude","A-69A","A_69A_1.gif","15","29"
"466","A69A_2","A69A_2",,"2","7/8","135","Etude","A-69A","A69A_2.jpg","28","29"
"467","A69A_3","A69A_3",,"3 9/16","1 1/8","135","Etude","A-69A","A69A_3.jpg","53","11"
"468","G19A_1","G19A_1",,"1","1 1/8","137","Virtu ","G-19A","G19A_1_1.jpg","12","11"
"469","G19A_2","G19A_2",,"3 1/4","1 5/8","137","Virtu ","G-19A","G19A_2_1.jpg","40","18"
"470","G19A_3","G19A_3",,"5/8","5/16","137","Virtu ","G-19A","G19A_3.jpg","6","34"
"471","G01A_1","G01A_1",,"1 1/2","1 1/16","138","Sterling","G-1A","G1A_1_1.jpg","20","10"
"472","G01A_2","G01A_2",,"2","1 1/4","138","Sterling","G-1A","G1A_2.jpg","28","13"
"473","G01A_3","G01A_3",,"2 1/2","1 3/8","138","Sterling","G-1A","G1A_3.jpg","33","15"
"474","G1A_4","G1A_4",,"1 1/2","1","138","Sterling","G-1A","G1A_4.gif","0","9"
"475","G1A_5","G1A_5",,"1","1 1/8","138","Sterling","G-1A","G1A_5_1.jpg","12","11"
"476","G31A_1","G31A_1",,"1 1/8","13/16","139","Aegis","G-31A","G31A_1_1.jpg","14","7"
"477","G31A_2","G31A_2",,"2","13/16","139","Aegis","G-31A","G31A_2_1.jpg","28","7"
"478","G35A_1","G35A_1",,"1 5/8","15/16","140","Genji ","G-35A","G35A_1.jpg","22","8"
"479","G35A_2","G35A_2",,"2 1/4","1 1/8","140","Genji ","G-35A","G35A_2.jpg","31","11"
"480","G35A_3","G35A_3",,"3 1/8","1 1/2","140","Genji ","G-35A","G35A_3_1.jpg","38","17"
"481","G37A_1","G37A_1",,"1 5/16","1 5/16","141","Array ","G-37A","G37A_1_1.jpg","17","14"
"482","G37A_2","G37A_2",,"1 13/16","1","141","Array ","G-37A","G37A_2_1.jpg","25","9"
"483","G37A_3","G37A_3",,"2 1/2","1","141","Array ","G-37A",,"0","9"
"484","G67A_1","G67A_1",,"2","7/8","142","Liso","G-67A","G67A_1.gif","0","29"
"485","G67A_2","G67A_2",,"1 3/16","7/8","142","Liso","G-67A","G67A_2.jpg","15","29"
"486","G67A_3","G67A_3",,"3/4","7/8","142","Liso","G-67A","G67A_3_1.jpg","8","29"
"487","G67A_4","G67A_4",,"1","1 7/8","142","Liso","G-67A","G67A_4.jpg","12","21"
"488","G67A_5","G67A_5",,"1 5/8","1 3/8","142","Liso","G-67A","G67A_5_2.jpg","22","15"
"489","G67A_6","G67A_6",,"3/4","1 1/8","142","Liso","G-67A","G67A_6.jpg","8","11"
"490","G67A_7","G67A_7",,"1 1/2","2 1/4","142","Liso","G-67A","G67A_7.gif","0","24"
"491","H25A_1","H25A_1",,"1 1/8","1 3/16","143","Matt Black","H-25A","H25A_1.jpg","14","12"
"492","H25A_2","H25A_2",,"1 3/4","1 3/8","143","Matt Black","H-25A","H25A_2.jpg","24","15"
"493","H25A_3","H25A_3",,"7/8","1 3/8","143","Matt Black","H-25A","H25A_3.jpg","10","15"
"494","H25A_4","H25A_4",,"1","1 7/8","143","Matt Black","H-25A","H25A_4.jpg","12","21"
"495","H25A_5","H25A_5",,"1 1/4","7/8","143","Matt Black","H-25A","H25A_5.jpg","16","29"
"496","H25A_6","H25A_6",,"3/4","5/8","143","Matt Black","H-25A","H25A_6.jpg","8","31"
"497","H25A_7","H25A_7",,"1 1/4","3/4","143","Matt Black","H-25A","H25A_7.jpg","16","30"
"498","H25A_8","H25A_8",,"1 3/4","1","143","Matt Black","H-25A","H25A_8.jpg","24","9"
"499","H25A_9","H25A_9",,"2 5/8","1","143","Matt Black","H-25A","H25A_9.gif","35","9"
"611","H25A_10","H25A_10",,"1/2","3/8","143","Matt Black","H-25A","H25A_10_1.png","4","35"
"501","H25A_11","H25A_11",,"3/8","1/4","143","Matt Black","H-25A","H25A_11_1.jpg","2","4"
"502","H25A_12","H25A_12",,"5/8","1/4","143","Matt Black","H-25A","H25A_12_2.jpg","6","4"
"504","H33_1","H33_1",,"7/8","1 3/8","144","Matt White","H-33","H33_1.jpg","10","15"
"505","H33_2","H33_2",,"1 1/4","7/8","144","Matt White","H-33","H33_2_1.jpg","16","29"
"506","H33_3","H33_3",,"2","7/8","144","Matt White","H-33","H33_3.png","28","29"
"507","H33_4","H33_4",,"1","1 7/8","144","Matt White","H-33","H33_4.jpg","12","21"
"508","H33_5","H33_5",,"1 1/2","1 7/8","144","Matt White","H-33","H33_5.jpg","20","21"
"509","H33_6","H33_6",,"3/4","7/8","144","Matt White","H-33","H33_6.jpg","8","29"
"510","H33_7","H33_7",,"1 13/16","7/8","144","Matt White","H-33","H33_7.jpg","25","29"
"511","H33_8","H33_8",,"1 3/16","7/8","144","Matt White","H-33","H33_8.jpg","15","29"
"512","H33_9","H33_9",,"1 1/8","7/8","144","Matt White","H-33","H33_9.jpg","14","29"
"513","H33_10","H33_10",,"1 5/8","1 3/8","144","Matt White","H-33","H33_10.jpg","22","15"
"514","H33_11","H33_11",,"3/4","1 1/8","144","Matt White","H-33","H33_11.jpg","8","11"
"515","H33_12","H33_12",,"1 1/2","2 1/4","144","Matt White","H-33","H33_12.jpg","20","24"
"516","H33_13","H33_13",,"1 5/8","1 3/16","144","Matt White","H-33","H33_13.jpg","22","12"
"517","H35_1","H35_1",,"3/4","7/8","177","Poems I","H-35","H35_1_1.jpg","8","29"
"518","H35_2","H35_2",,"1 1/4","7/8","145","Poems","H-35","H35_2.jpg","16","29"
"519","D5A_1","D5A_1",,"1 3/4","1 1/2","136","Prima","D-5A","D5A_1.jpg","24","17"
"520","D5A_2","D5A_2",,"2","7/8","136","Prima","D-5A","D5A_2_1.jpg","28","29"
"521","D5A_3","D5A_3",,"1","1 7/8","136","Prima","D-5A","D5A_3_1.jpg","12","21"
"522","D5A_4","D5A_4",,"1 3/16","7/8","136","Prima","D-5A","D5A_4.jpg","15","29"
"523","D5A_5","D5A_5",,"1 5/8","1 3/8","136","Prima","D-5A","D5A_5.jpg","22","15"
"524","D5A_7","D5A_7",,"3/4","1 1/8","136","Prima","D-5A","D5A_7.gif","0","11"
"525","D5A_7","D5A_7",,"1 1/2","2 1/4","136","Prima","D-5A","D5A_7.jpg","20","24"
"526","A21A_1","A21A_1",,"2","1 1/8","133","Legato","A-21A","A21A_1_1.jpg","28","11"
"527","A21A_2","A21A_2",,"2 3/4","1 3/8","133","Legato","A-21A","A21A_2_2.jpg","36","15"
"528","J1A_1","J1A_1",,"5/8","0","148","Fillets","J-1A",,"0","1"
"529","J1A_2","J1A_2",,"3/4","0","148","Fillets","J-1A","J1A_2.png","8","1"
"530","J1A_3","J1A_3",,"3/4","1/2","148","Fillets","J-1A","J1A_3.jpg","8","37"
"531","J1A_4","J1A_4",,"3/4","1/2","148","Fillets","J-1A","J1A_4.gif","0","1"
"532","J1A_5","J1A_5",,"1/2","1/2","148","Fillets","J-1A","J1A_5.jpg","4","37"
"533","J1A_6","J1A_6",,"1/2","0","148","Fillets","J-1A","J1A_6.png","4","1"
"534","J1A_7","J1A_7",,"5/8","0","148","Fillets","J-1A","J1A_7.png","6","1"
"535","J1A_8","J1A_8",,"9/16","0","148","Fillets","J-1A","J1A_8.png","5","1"
"536","J1A_9","J1A_9",,"5/8","0","148","Fillets","J-1A","J1A_9.png","6","1"
"537","J1A_10","J1A_10",,"1/2","0","148","Fillets","J-1A","J1A_10.png","4","1"
"538","J1A_11","J1A_11",,"5/8","0","148","Fillets","J-1A","J1A_11.png","6","1"
"539","J1A_12","J1A_12",,"3/8","0","148","Fillets","J-1A","J1A_12.png","2","1"
"540","J1A_13","J1A_13",,"7/16","0","148","Fillets","J-1A","J1A_13.png","3","1"
"541","J1A_14","J1A_14",,"3/8","0","148","Fillets","J-1A","J1A_14.png","2","1"
"543","J1A_16","J1A_16",,"3/4","1/2","148","Fillets","J-1A","J1A_16.gif","8","37"
"544","J1A_17","J1A_17",,"7/16","0","148","Fillets","J-1A","J1A_17.png","3","1"
"545","J1A_18","J1A_18",,"7/16","0","148","Fillets","J-1A","J1A_18.jpg","3","1"
"546","J1A_19","J1A_19",,"1/2","0","148","Fillets","J-1A","J1A_19.png","4","1"
"547","H11_1","H11_1",,"5/8","1 1/4","149","Matt Black","H-11","H11_1_3.jpg","6","13"
"548","H11_2","H11_2",,"3/4","2","149","Matt Black","H-11","H11_2.jpg","8","22"
"549","H11_3","H11_3",,"9/16","7/8","149","Matt Black","H-11","H11_3_1.jpg","5","29"
"550","H11_4","H11_4",,"1","3/4","149","Matt Black","H-11","H11_4.jpg","12","30"
"551","H11_5","H11_5",,"1 1/2","2 1/4","149","Matt Black","H-11","H11_5_1.jpg","20","24"
"552","A01_1","A01_1",,"1 3/16","7/8","150","Dune","A-1","A01_1_1.jpg","15","29"
"553","A01_2","A01_2",,"3/4","1 1/8","150","Dune","A-1","A01_2_1.jpg","8","11"
"554","A01_3","A01_3",,"1","1 7/8","150","Dune","A-1","A01_3.jpg","12","21"
"555","N/A_06","N/A_06",,"1 1/2","15/16","146","Natural Wood","N/A","NA_06_1.jpg","20","8"
"556","N/A_07","N/A_07",,"2","5/16","146","Natural Wood","N/A","NA_07_1.jpg","28","34"
"557","N/A_08","N/A_08",,"5/16","2","146","Natural Wood","N/A","NA_08_1.jpg","60","22"
"558","A53_2","A53_2",,"1","1 7/8","115","B&B II","A-53","A53_2_3.jpg","12","21"
"561","A69A_4","A69A_4",,"7/16","3/16","135","Etude","A-69A","A69A_4.png","3","3"
"562","H01_4","H01_4",,"1","5/8","61","Matt Black","H-1","H1_4_3.jpg","12","31"
"564","L3_1","L3_1",,"1 1/2","2","152","ST Floater","L-3","L3_1.jpg","20","22"
"565","H31A_1","H31A_1",,"1 5/8","7/8","153","Matt White","H-31A","H37_1.jpg","22","29"
"566","H31A_2","H31A_2",,"1","1 3/8","153","Matt White","H-31A","H37_2.jpg","12","15"
"567","H31A_3","H31A_3",,"7/8","7/8","153","Matt White","H-31A","H37_3.jpg","10","29"
"568","H31A_6","H31A_6",,"1 1/4","1 1/8","153","Matt White","H-31A","H37_4_1.jpg","16","11"
"569","H31A_7","H31A_7",,"2","1 5/16","153","Matt White","H-31A","H37_7_1.jpg","28","14"
"570","H31A_4","H31A_4",,"5/8","1 3/4","153","Matt White","H-31A","H37_4_3.jpg","6","20"
"571","H31A_5","H31A_5",,"13/16","2 5/8","153","Matt White","H-31A","H37_5.jpg","9","27"
"572","L3_2","L3_2",,"1 3/4","1 1/4","152","ST Floater","L-3","L3_2_1.jpg","24","13"
"582","G71_1","G71_1",,"5/8","1 3/4","159","Liso II","G-71","G71_1_2.jpg","6","20"
"574","G71_2","G71_2",,"2","7/8","159","Liso II","G-71","G71_2_1.jpg","28","29"
"575","G71_3","G71_3",,"1","1 7/8","159","Liso II","G-71","G71_3_1.jpg","12","21"
"576","G71_4","G71_4",,"1 3/16","7/8","159","Liso II","G-71","G71_4_1.jpg","15","29"
"577","G71_5","G71_5",,"1","3/4","159","Liso II","G-71","G71_5_1.jpg","12","30"
"578","G71_6","G71_6",,"3/4","7/8","159","Liso II","G-71","G71_6_1.jpg","8","29"
"579","G71_7","G71_7",,"1 5/8","1 3/8","159","Liso II","G-71","G71_7_1.jpg","22","15"
"580","G71_8","G71_8",,"3/4","1 1/8","159","Liso II","G-71","G71_8_1.jpg","8","11"
"581","G71_9","G71_9",,"1 1/2","2 1/4","159","Liso II","G-71","G71_9_1.jpg","20","24"
"583","A61_2","A61_2",,"1 3/4","7/8","113","FORTE","A-61","A61_2_2.jpg","24","29"
"584","G73_1","G73_1",,"5/8","1 3/4","156","Liso III","G-73","G73_1.jpg","6","20"
"585","G73_2","G73_2",,"2","7/8","156","LISO III","G-73","G73_2.jpg","28","29"
"586","G73_3","G73_3",,"1","1 7/8","156","Liso III","G-73","G73_3_1.jpg","12","21"
"587","G73_4","G73_4",,"1 3/16","7/8","156","LISO III","G-73","G73_4.jpg","15","29"
"588","G73_5","G73_5",,"1","3/4","156","Liso III","G-73","G73_5_1.jpg","12","30"
"589","G73_6","G73_6",,"3/4","7/8","156","LISO III","G-73","G73_6.jpg","8","29"
"590","G73_7","G73_7",,"1 5/8","1 3/8","156","LISO III","G-73","G73_7.jpg","22","15"
"591","G73_8","G73_8",,"3/4","1 1/8","156","LISO III","G-73","G73_8.jpg","8","11"
"593","G73_9","G73_9",,"1 1/2","2 1/4","156","LISO III","G-73","G73_9.jpg","20","24"
"594","H31A_8","H31A_8",,"1 3/4","2 5/8","153","Matt White","H-31A","H31A_8.jpg","24","27"
"595","H31A_9","H31A_9",,"1 5/16","1 3/16","153","Matt White","H-31A","H31A_9.jpg","17","12"
"596","H31A_10","H31A_10",,"1","3/4","153","Matt White","H-31A","H31A_10.jpg","12","30"
"597","H31A_11","H31A_11",,"1","2 1/4","153","Matt White","H-31A","H31A_11.jpg","12","24"
"598","E31A_4","E31A_4",,"1 3/8","1 1/4","114","Ethos","E-31A","E31A_4.jpg","18","13"
"599","E31A_5","E31A_5",,"1 1/2","2","114","Ethos","E-31A","E31A_5.jpg","20","22"
"600","H15_1","H15_1",,"1 3/4","2 5/8","157","Matt Black","H-15","noimage.jpg","24","27"
"601","H15_2","H15_2",,"1 5/16","1 3/16","157","Matt Black","H-15","H15_2_1.jpg","17","12"
"602","H15_3","H15_3",,"1 1/4","1 1/8","157","Matt Black","H-15","H15_3_1.jpg","16","11"
"603","H15_4","H15_4",,"2","1 5/16","157","Matt Black","H-15","H15_4_1.jpg","28","14"
"604","H15_5","H15_5",,"1","2 1/4","157","Matt Black","H-15","H15_5_1.jpg","12","24"
"605","L5_1","L5_1",,"1 3/8","1 1/4","158","Floater","L-5","L5_1.jpg","18","13"
"606","L5_2","L5_2",,"1 1/2","1 7/8","158","Floater","L-5","L5_2_1.jpg","20","21"
"607","L5_3","L5_3",,"1 5/16","1 3/16","158","Floater","L-5","L5_3.jpg","17","12"
"608","L5_4","L5_4",,"3/4","2","158","Floater","L-5","L5_4.gif","0","22"
"609","L5_5","L5_5",,"1 3/8","1 1/4","158","Floater","L-5","L5_5_1.jpg","18","13"
"610","L5_6","L5_6",,"1 1/2","2","158","Floater","L-5","L5_6.jpg","20","22"
"612","A19_1","A19_1",,"1","1","160","Sierra","A-19","A19_1_1.jpg","12","9"
"613","A19_2","A19_2",,"1 9/16","1 1/16","160","Sierra","A-19","A19_2_2.jpg","21","10"
"615","G75_2","G75_2",,"2","7/8","161","Liso IV","G-75","G75_2.jpg","28","29"
"616","G75_3","G75_3",,"1","1 7/8","161","Liso IV","G-75","G75_3.jpg","12","21"
"617","G75_4","G75_4",,"1 1/2","1 7/8","161","Liso IV","G-75","G75_4.jpg","20","21"
"618","G75_5","G75_5",,"1 3/16","7/8","161","Liso IV","G-75","G75_5.jpg","15","29"
"619","G75_6","G75_6",,"1","3/4","161","Liso IV","G-75","G75_6.jpg","12","30"
"620","G75_7","G75_7",,"3/4","7/8","161","Liso IV","G-75","G75_7.jpg","8","29"
"621","G75_8","G75_8",,"1 5/8","1 3/8","161","Liso IV","G-75","G75_8.jpg","22","15"
"622","G75_9","G75_9",,"3/4","1 1/8","161","Liso IV","G-75","G75_9.jpg","8","11"
"623","G75_10","G75_10",,"1 1/2","2 1/4","161","Liso IV","G-75","G75_10.jpg","20","24"
"626","G77_1","G77_1",,"5/8","1 3/4","162","Liso V","G-77","G77_1.jpg","6","20"
"627","G77_2","G77_2",,"2","7/8","162","Liso V","G-77","G77_2.jpg","28","29"
"628","G77_3","G77_3",,"1","1 7/8","162","Liso V","G-77","G77_3.jpg","12","21"
"629","G77_4","G77_4",,"1 1/2","1 7/8","162","Liso V","G-77","G77_4.jpg","20","21"
"630","G77_5","G77_5",,"1 3/16","7/8","162","Liso V","G-77","G77_5.gif","0","29"
"631","G77_6","G77_6",,"1","3/4","162","Liso V","G-77","G77_6.jpg","12","30"
"632","G77_7","G77_7",,"3/4","7/8","162","Liso V","G-77","G77_7.jpg","8","29"
"633","G77_8","G77_8",,"1 5/8","1 3/8","162","Liso V","G-77","G77_8.jpg","22","15"
"634","G77_9","G77_9",,"3/4","1 1/8","162","Liso V","G-77","G77_9.jpg","8","11"
"635","G77_10","G77_10",,"1 1/2","2 1/4","162","Liso V","G-77","G77_10.jpg","20","24"
"636","B5_1","B5_1",,"1","7/8","163","Lyra","B-5","B5_1.gif","0","29"
"637","B5_2","B5_2",,"1 1/2","7/8","163","Lyra","B-5","B5_2_1.jpg","20","29"
"638","G29_1","G29_1",,"1 1/4","1 3/8","164","Armour","G-29","G29_1_2.jpg","16","15"
"639","G29_2","G29_2",,"1 3/4","1 1/4","164","Armour","G-29","G29_2_1.jpg","24","13"
"640","A21_1","A21_1",,"1 5/8","1 1/4","165","Sierra Floaters","A-21","A21_1_3.jpg","22","13"
"641","A21_2","A21_2",,"1 3/4","2","165","Sierra Floaters","A-21","A21_2_3.jpg","24","22"
"642","A73_1","A73_1",,"1 3/8","1 3/16","166","Willow","A-73","A73_1_1.jpg","18","12"
"643","A73_2","A73_2",,"2 3/16","1 7/16","166","Willow","A-73","A73_2_2.jpg","54","16"
"644","A19A_01","A19A_01",,"1","1 5/16","167","Sierra II","A-19A","A19A_01_1.jpg","12","14"
"645","A19A_02","A19A_02",,"1 9/16","1 1/4","167","Sierra II","A-19A","A19A_02_1.jpg","21","13"
"646","G79_01","G79_01",,"5/8","1 3/4","168","Liso VI","G-79","G79_01.jpg","6","20"
"650","G79_04","G79_04",,"1 1/2","1 7/8","168","Liso VI","G-79","G79_04.jpg","20","21"
"648","G79_03","G79_03",,"1","1 7/8","168","Liso VI","G-79","G79_03.jpg","12","21"
"649","G79_02","G79_02",,"2","7/8","168","Liso VI","G-79","G79_02_1.jpg","28","29"
"651","G79_05","G79_05",,"1 3/16","7/8","168","Liso VI","G-79","G79_05.jpg","15","29"
"652","G79_06","G79_06",,"1","3/4","168","Liso VI","G-79","G79_06.jpg","12","30"
"653","G79_07","G79_07",,"3/4","7/8","168","Liso VI","G-79","G79_07.jpg","8","29"
"654","G79_08","G79_08",,"1 5/8","1 3/8","168","Liso VI","G-79","G79_08.jpg","22","15"
"655","G79_09","G79_09",,"3/4","1 1/8","168","Liso VI","G-79","G79_09.jpg","8","11"
"656","G79_10","G79_10",,"1 1/2","2 1/4","168","Liso VI","G-79","G79_10.jpg","20","24"
"657","G79_11","G79_11",,"0","0","168","Liso VI","G-79","G79_011.jpg","1","1"
"658","G79_11","G79_11",,"N/A","N/A","168","Liso VI","G-79","G79_11.jpg","61","62"
"659","G81_01","G81_01",,"3/8","0","169","Liso Fillet","G-81","G79A_01.jpg","2","1"
"660","A33_1","A33_1",,"3/4","3/4","170","SIERRA III","A-33","A33_1_1.jpg","8","30"
"661","A33_2","A33_2",,"13/16","1 5/16","170","SIERRA III","A-33","A33_2_2.jpg","9","14"
"662","A79_1","A79_1",,"15/16","2 1/4","171","Chalet","A-79","A79_1.jpg","11","24"
"663","H37_1","H37_1",,"11/16","1 3/8","176","Poems II","H-37","H37_1_1.jpg","7","15"
